tweet text,,
"Ok.. Going to work out. HAVE GREAT DAY; SEE THE BEAUTY ALL AROUND YOU, IF ITS ONLY 4 ONE MIN.MANY; HAPPINESS",,
"This Has Nothing 2Do With; Per se,But I Have Charitable Foundation,& KNOW It's AGAINST The LAW 4Me 2 USE The; 4 MYSELF IN ANYWAY; ITS WRONG2",,
"Thought Treaty with Farq ,was something the ppl of Columbia wanted.I Don't understand their politics,I Just want them 2be happy,& have",,
OCTOBER; IS BREAST CANCER; AWARENESS MONTH. THIS YEAR I'M CELEBRATING; YRS OF BEING CANCER FREE !! MAY I HAVE A TWEET?,,
Happy 2; Home; BUT; Was More Amazing Than I Could Have Imagined; WISH EVERY YOUNG PERSON COULD FEEL THE EXCITEMENT&; PART OF IT,,
,,
No joke— Donald Trump named his daughter after one of his favorite deals:,,
,,
"Gary Johnson Reminds Me Of\nTimothy Leary,Except TIM KNEW 1; LEADER,WHAT ALEPPO IS,\nWAS MORE COHERENT& SMART; A MINDS A TERRIBLE THING 2 LOSE",,
"What A Beautiful,Courageous Child. Changes To Police Procedures & Responses Are Needed Now, Not Tomorrow.",,
,,
"MY MOM SAID,""YOURE NOT GETTING PUNISHED 4 WHAT U DID..YOURE GETTING PUNISHED BECAUSE U LIED ABOUT WHAT U DID""; Needed My Mom& a Good; Whipping",,
,,
"MY MOM SAID...""IF YOU REPEAT A LIE LONG ENOUGH & STRONG ENOUGH,PEOPLE WILL BELIEVE ITS THE TRUTH""",,
"Donald Trump may lie, but the tape doesn't.",,
Oh Canada,,
"Johnson, What's Aleppo; He Can't Name ONE; Leader; Out,I Could Say NONTHING 4 Debate &; Leader""",,
Gary Johnson Bizarrely Sticks His Tongue Out at Reporter Like the Very Serious Candidate He Is | Mediaite NOT A PRES,,
,,
Did enyone tell you that; is awesome?,,
"Zianna Oliphant, a young girl gave emotional testimony to Charlotte City Council - YouTube; wants 2Stop& Frisk Her",,
LOL.\nlove this.\nHey; ! looked in the mirror lately??,,
"Not a joke, but it seemed like; was sniffing & making a lot of noises..\nWhy",,
"Yesterday Was a Little Rough; Every1Called &Said""Come watch debate""but I just Couldn't.I'm Proud Of Her DEMEANOR,DEBATE KNOWLEDGE,& PATIENCE",,
,,
I'm proud\nI'm with her; needs ABC,,
Check out this Trump chart,,
,,
Girls were talking 2day & Were AFRAID; IF TRUMP IS NOW…..DEMOCRACY IS NEVER\nAGAIN; THEYWERE TRULY FRIGHTENED ABOUT FUTURE OF THEIR CHILDREN,,
"RACE IS UNBELIEVABLY SEXIST; DOES\nANY1 DIS TRUMPS LONG \n“PENIS SUBSTITUTE”TIES,OR CARES HOW MUCH HE SMILES,LIES,& STEALS FROM HIS CHARITIES",,
"Ppl Say Hillarys Got 2Many FACTS,Not Enough; IS GOING 2B SOOO FKNG IMPORTANT WHEN DEALING W/KILLERS ERDOGAN&PUTIN, THRYRE SO TOUCHY FEELY",,
Ladies & Gentlemen The Real Donald,,
,,
,; ; ,"Supporters Thought this appropriate T-Shirt; Why not,; thinks a woman's place is under his BOOT; GREAT 4YOUNG GIRLS"
,,
"WITH GOP POTUS, SCOTUS,CONGRESS,\nSENATE,WILL BE ON ROAD 2 PERDITION 4; &THE; WILL CEASE AS WE KNOW IT",,
,,
RT,,
"An Evil Force,As Dangerous As a Plague; ,SpreadsAcross; .If Its Our Karma 2B Brought Down From Within,; Will B Potus",,
"Broke,Dad Bailed him Out.2; 2 Serve; ,Dr Bails him Out. Bankrupt,Gov Bailed him out.\nPRES OF; ,WHO'LL BAIL HIM OUT",,
